longitude,latitude,name
-73.9829219091849,40.76380762325644,ED SULLIVAN THTR
-73.98375310434135,40.76440130450186,STUDIO 54
-73.96566408280091,40.79823099029733,DOUGLASS II HOUSES BUILDING 13
-73.96826347823993,40.788353212038,BROWNSTONES HOUSES BUILDING 27
-73.9476517312946,40.813276483717175,ST NICHOLAS HOUSES BUILDING 11
-73.94675811678952,40.79838192156359,TAFT PROJECTS
-73.98408081293341,40.71235657857696,UNIVERSITY NEIGHBORHOOD HIGH SCHOOL
-73.94754072240666,40.78628677081695,WASHINGTON LEXINGTON SENIOR CENTER
-73.94744695013298,40.786403796398304,WASHINGTON HOUSES BUILDING 15
-73.95049520019991,40.79030905968711,CARVER HOUSES BUILDING 5
-73.94767768256486,40.79840373020637,TAFT PROJECTS BUILDING 2
-74.00265633817676,40.74911927628062,ELLIOTT PROJECTS BUILDING 2
-73.9657044808687,40.797579852445985,F DOUGLASS 1 HOUSES BLDG 12
-73.94479788012079,40.78935683186207,WASHINGTON PROJECTS BLDG 14
-73.96376637797675,40.79676192599516,F DOUGLASS PROJECTS BLDG 7
-73.97982536761543,40.778962200401224,HAMILTON SENIOR CENTER
-73.9957188410655,40.72056903678117,MOTT ST SENIOR CENTER
-73.93920846472196,40.803039816693826,PARK AVE E 122ND 123RD ST HOUSES
-73.99877528854849,40.711506171302155,SMITH HOUSES BUILDING 10
-73.94053369353428,40.78805301016923,EAST RIVER SENIOR CENTER
-74.01381149298304,40.717972811183444,STUYVESANT HIGH SCHOOL
-73.98364770123709,40.761443846394116,WINTER GARDEN THEATRE
-73.94093364885325,40.8184391554615,SAMUEL I MHOP HOUSES BUILDING 41
-73.9902403294589,40.71229583224593,RUTGERS HOUSES BUILDING 4
-73.94280819326421,40.82103783290029,DREW-HAMILTON PROJECTS BLDG 2
-73.93246399975466,40.79936833364682,WAGNER HOUSES BUILDING 9
-73.9652772459258,40.7964278174214,DOUGLASS HOUSES 2 BLDG 3
-73.9449555637908,40.794582486360376,CLINTON HOUSES BUILDING 2
-73.93992389477961,40.796567565039304,JEFFERSON HOUSES BUILDING 15
-73.93937539468192,40.78765713015817,E RIVER PROJECTS BUILDING 8
-73.98777134038669,40.758685947115715,JACOBS THEATRE
-73.94900564325918,40.81135528889941,ST NICHOLAS HOUSES BLDG 7
-73.94056698689093,40.78662094697262,EAST RIVER HOUSES GARAGE
-73.9463111760656,40.78851450602349,WASHINGTON HOUSES BUILDING 8
-73.95545538015445,40.800948961599914,TAFT REHABS BUILDING 1
-73.93762809490391,40.832040246702185,POLO GROUNDS TOWERS BLDG 4
-73.96805902955809,40.788762589537285,BROWNSTONES HOUSES BUILDING 14
-73.98480808483656,40.75617724082279,WOODSTOCK SENIOR CENTER
-73.95006157922617,40.810012365320944,APOLLO THEATRE
-73.96928326931967,40.788441515273014,BROWNSTONES HOUSES BUILDING 32
-73.96767765519142,40.79827915410077,DOUGLASS ADDITION PROJECTS
-73.96800871668857,40.78872519167639,BROWNSTONES HOUSES BUILDING 13
-73.99366428848428,40.75854350526275,PLAYWRIGHTS HORIZONS THEATER
-73.96342468574069,40.774155229264814,NY HEADACHE CENTER
-73.97780733911064,40.75817944580636,ROCKEFELLER CENTER POST OFFICE
-73.94094780183006,40.818515869944704,SAMUEL MHOP I HOUSES BUILDING 40
-73.94118202425281,40.81738806955328,SAMUEL MHOP I HOUSES BUILDING 42
-73.98750927953347,40.72819757912453,ORPHEUM THEATRE 2 AV
-73.98516375657248,40.77459251359865,HIGH SCHOOL FOR LAW ADVOCACY AND COMMUNITY JUSTICE
-73.98512054784348,40.77466577815181,HIGH SCHOOL OF ARTS AND TECHNOLOGY
-74.0016447150741,40.71136483594101,URBAN ASSEMBLY MAKER ACADEMY
-73.9462204199533,40.7943778194164,CLINTON HOUSES BUILDING 4
-73.98789784611918,40.71178968168801,LA GUARDIA PROJECTS BLDG 3
-73.93755519590998,40.8105774696874,ABRAHAM LINCOLN HOUSES BLDG 10
-73.93688978489678,40.8319210872773,POLO GROUNDS TOWERS BLDG 8
-74.00213130192182,40.74246050170154,NYC LAB HS FOR COLL STUDIES
-74.0017726153684,40.711373376411544,M BERGTRAUM H S
-73.95938681224783,40.765533307711614,TALENT UNLIMITED
-73.93705005790198,40.83280219042524,RANGEL PROJECTS BUILDING 3
-73.98591625407487,40.773413129739595,AMSTERDAM HOUSES BUILDING 3
-73.95962439828381,40.76565691347455,URBAN ACADEMY LABORATORY HIGH SCHOOL
-73.9595737257906,40.765628538120986,VANGUARD HIGH SCHOOL
-73.99067508414987,40.72133873757399,LOWER E SIDE 1 HOUSES COMPLEX
-73.94758545160397,40.79980524225673,FOSTER PROJECTS BUILDING 4
-73.94868089488197,40.79374943239564,CPE 2NDARY SCHOOL
-73.98355208612475,40.719786232469765,STANTON STREET APARTMENTS
-73.97616815279194,40.722500021730795,RIIS 2 PROJECTS BUILDING 17
-73.99237114193461,40.71705331630664,45 ALLEN STREET HOUSES GARAGE
-73.97695675839404,40.72426749294521,LOWER EAST SIDE III BUILDING 2
-73.98640070033969,40.7125991352526,LA GUARDIA HOUSES BUILDING 7
-73.98764902627063,40.77298067655766,AMSTERDAM PROJECTS BUILDING 7
-73.98718595040215,40.77272343089283,AMSTERDAM HOUSES BUILDING 4
-73.9484109569495,40.81111505711892,ST NICHOLAS PROJECTS BLDG 6
-73.97716324160137,40.72456287043475,LOWER EAST SIDE III BUILDING 3
-73.93650779904046,40.79517107266276,JEFFERSON PROJECTS BUILDING 4
-73.93411274454633,40.845037131754395,WASHINGTON HEIGHTS REHAB IV (C)
-73.93781127618412,40.811912385977664,LINCOLN PROJECTS BUILDING 13
-73.97686396906232,40.742608887827515,KIPSBAY THEATRE
-73.93857117547502,40.78780554509281,E RIVER PROJECTS BUILDING 9
-73.9936415896726,40.750619076241314,THE THEATER AT MADISON SQUARE GARDEN
-74.00149500860206,40.748705176301925,CHELSEA PROJECTS BUILDING 1
-73.94528660685751,40.79886487941153,TAFT HOUSES BUILDING 6
-74.00216800695797,40.74238361851392,NYC MUSEUM SCHOOL
-73.98519501717769,40.77454883836079,MANHATTAN HUNTER COLLEGE HS FOR SCI
-73.95951734624087,40.765602215442996,MANHATTAN INTERNATIONAL HIGH SCHOOL
-73.9682030118548,40.78831945161722,BROWNSTONES HOUSES BUILDING 26
-73.98507160600424,40.77475055563758,URBAN ASSEMBLY SCHOOL FOR MEDIA STUDIES
-73.98524267731571,40.77450864941102,HIGH SCHOOL FOR ARTS IMAGINATION AND INQUIRY
-73.94744846138298,40.81729471291741,MOTT HALL HIGH SCHOOL
-73.92636080613931,40.85562981334396,COLLEGE ACADEMY HIGH SCHOOL
-73.92626240523181,40.8557437578311,HS FOR MEDIA & COMMUNICATIONS
-73.92632341062846,40.855683989132054,HS FOR LAW & PUBLIC SERVICE
-73.92622294210308,40.85579604712403,HIGH SCHOOL FOR HEALTH CAREERS AND SCIENCES
-73.93330986926665,40.845908577058296,WASHINGTON HTS I & II BLDG 2
-73.98107353868828,40.78044909261302,BEACON THEATRE
-73.93753546216954,40.79560900693286,JEFFERSON PROJECTS BUILDING 2
-74.0042758449557,40.74412038642024,FULTON HOUSES BUILDING 9
-73.99654904459304,40.73610179269746,13 ST THEATRE
-73.99416211691788,40.7259149536808,45 BLEECKER ST THEATRE
-73.9548866823541,40.816309603154245,MANHATTANVILLE HOUSES BUILDING 3
-73.94114858153722,40.787591195815196,EAST RIVER HOUSES BUILDING 2
-73.93707932783263,40.811234851012145,ABRAHAM LINCOLN HOUSES BLDG 9
-73.93349644867246,40.84517949733382,WASHINGTON HTS REHAB I & II BUILDING 1
-73.98176654763185,40.770981125874556,LINCOLN PLAZA CINEMAS
-73.92200260237708,40.86091332622338,DYCKMAN SENIOR CENTER
-74.00022078726387,40.71008385639853,SMITH HOUSES BUILDING 6
-73.95218804302628,40.78928556341218,CARVER HOUSES BUILDING 2
-73.94916514528214,40.79968064799101,FOSTER PROJECTS COMPLEX
-73.97996918241884,40.765009387092064,CARNEGIE HALL FOR CONCERTS
-73.93425995431998,40.845104249155256,WASHINGTON HEIGHTS REHABS IV D
-73.92974755572264,40.79743310430778,WAGNER HOUSES BUILDING 1
-73.98777304348597,40.7579030362604,HAYES THTR
-73.99389046871339,40.758592821356466,LITTLE SHUBERT THEATRE
-74.00572711889915,40.74303486465723,HIGHLINE BALLROOM
-73.98839158947641,40.734880661457545,IRVING PLACE THEATRE
-73.93802250600866,40.846438625945815,UNITED PALACE THEATRE
-73.99331775617956,40.72041950163064,BOWERY BALLROOM
-73.9927427591866,40.769743400901625,TERMINAL 5
-73.99407781155989,40.752879323425724,HAMMERSTEIN BALLROOM
-73.98518868813785,40.762520228418495,GERSHWIN THEATRE
-73.94321825515148,40.82050986893369,DREW-HAMILTON PROJECTS BLDG 1
-73.99695394764551,40.72582116771208,ANGELIKA FILM CENTER
-73.98168809953829,40.77503835452388,LOEWS THEATRE LINCOLN SQUARE
-73.99445776653688,40.752364103431404,LOEWS THEATRE 34 ST
-73.97793965232177,40.71768905018172,BARUCH PROJECTS
-73.95404290925853,40.81858182739134,MANHATTANVILLE REHABS GROUP 3 BUILDING 2
-73.9433656965936,40.79811524577757,J W JOHNSON PROJECTS BLDG 4
-73.9570678587063,40.813183772484365,GENERAL GRANT PROJECTS BLDG 5
-73.98731839453819,40.71252109554151,LA GUARDIA HOUSES BUILDING 5
-73.94870140715821,40.81286123406591,ST NICHOLAS HOUSES BUILDING 8
-74.00550572594516,40.743349121391184,FULTON HOUSES BUILDING 4
-73.94203553429827,40.795845468432105,J W JOHNSON PROJECTS BLDG 9
-73.94908712289107,40.79217199412203,CARVER HOUSES BUILDING 11
-73.98863085437522,40.757029677283604,REGAL E-WALK STADIUM THEATRE
-73.96632125643053,40.80174806838075,ABSW SENIOR CITIZENS CENTER
-73.9423857726714,40.821541170324494,DREW-HAMILTON CHILD CLINIC
-73.9629579333032,40.79709952309595,F DOUGLASS PROJECTS BLDG 8
-73.94256306950207,40.78674656615991,METRO NORTH HOUSES BUILDING 3
-73.92157387661129,40.861843093627044,DYCKMAN HOUSES BUILDING 7
-73.98637770602598,40.76386272725584,RADIO CITY POST OFFICE
-73.9886653747688,40.77331046038143,AMSTERDAM PROJECTS BUILDING 12
-73.95264816035235,40.78985610375527,KLINGENSTEIN CENTER
-73.94055289076651,40.82038848856557,DREW HAMILTON PROJECTS BLDG 5
-74.00104491303657,40.74927545042215,ELLIOTT HOUSES BUILDING 4
-73.98973105553053,40.73855753122104,AMC 19 ST EAST THEATER
-73.99024220355759,40.73075726844528,AMERICAN MIME THEATRE
-73.98696777486224,40.75996937813426,BROOKS ATKINSON THEATRE
-73.93555476973505,40.853113678557186,AGUDATH MORIAH LUNCHEON
-73.93846272803324,40.8268512584312,HARLEM RIVER II PROJECTS COMPLEX
-73.92289420901727,40.866137520101105,INWOOD POST OFFICE
-73.94956718934019,40.79155792019677,CARVER PROJECTS BUILDING 8
-73.94995256274464,40.79247428415961,CARVER PROJECTS BUILDING 10
-73.93860406015271,40.82687191092169,HARLEM RVR 2 HOUSES BLDG 1
-73.93781040145183,40.810969511811834,LINCOLN PROJECTS BUILDING 11
-73.94227431601843,40.79674762966047,J W JOHNSON PROJECTS BLDG 10
-73.90869424362405,40.874477306464826,MARBLE HILL PROJECTS COMPLEX
-73.97964408116799,40.74098551478954,STRAUS HOUSES
-73.90884130631993,40.874669128117766,MARBLE HILL PROJECTS BLDG 1
-73.93793759022904,40.794173761101774,JEFFERSON PROJECTS BUILDING 8
-73.94688655640591,40.798741092233456,TAFT HOUSES BUILDING 3
-74.00399988122216,40.74328016623008,FULTON PROJECTS COMMUNITY CENTER
-73.94670780900995,40.787836701131496,WASHINGTON PROJECTS BLDG 7
-73.95351021516905,40.81877056691055,MANHATTANVILLE REHABS GROUP 2 BUILDING 2
-73.98781036789914,40.725690392032924,PS 751
-73.93359324086097,40.84604503054513,WASHINGTON HTS I & II BLDG 3
-73.98455826359472,40.75778217795047,LYCEUM THEATRE
-73.93571758340366,40.825602887032844,HARLEM RIVER PROJECTS BLDG 7
-73.99223166337704,40.73385404858418,VILLAGE TEMPLE
-73.98200205535176,40.718172488734716,SAMUEL GOMPERS HOUSES
-73.9918267184455,40.75782369607595,TIMES SQUARE POST STATION
-73.96120847809156,40.76539569322232,BEEKMAN THTR
-73.9779119114442,40.780230542135016,CLUB 76 SENIOR CENTER
-73.95635882492408,40.81277875919454,GRANT PROJECTS COMPLEX
-73.92314445053637,40.866021624913046,RAIN INWOOD SENIOR CENTER
-73.96380715889416,40.79726042482058,DOUGLASS PROJECTS BUILDING 9
-73.98451264597486,40.73189814717063,NY EYE AND EAR
-73.98919588921424,40.73174703628433,WEBSTER HALL
-73.99221111778948,40.7293031928076,ASTOR PL THEATRE
-73.95177724300362,40.796743352242004,THE HARLEM MEER IN CENTRAL PARK
-73.9338296871024,40.84566790659523,WASHINGTON HEIGHTS REHABS I & II
-73.96702558243739,40.79810965970182,DOUGLASS 2 PROJECTS BLDG 15
-73.94477395717107,40.78115680733494,ISAACS HOUSES BUILDING 1
-74.02043804276283,40.690830566068314,THE URBAN ASSEMBLY NEW YORK HARBOR SCHOOL
-73.9522910771542,40.80433374989377,TAFT REHABS
-73.95248428483426,40.80607784448511,GRAMPION
-73.963424750372,40.7963827371291,F DOUGLASS HOUSES I BLDG 16
-73.93858819069068,40.83095977134997,POLO GROUNDS TOWERS BLDG 3
-73.99012162927487,40.7115809906857,RUTGERS HOUSES BUILDING 3
-73.96429126610427,40.79605000172396,F DOUGLASS 1 HOUSES BLDG 6
-73.93938660005539,40.79561514865015,JEFFERSON HOUSES BUILDING 18
-73.9870271117557,40.75958795540227,SONY HALL
-73.94363792601796,40.78967017119862,GAYLORD WHITE HOUSES
-73.9796340656143,40.77703017688629,HARGRAVE SENIOR CENTER
-73.98872527356934,40.73163015296769,AMC THEATRE VILLAGE
-73.955521538215,40.81556250523288,URBAN ASSEMBLY SCHOOL FOR THE PERFORMING ARTS
-73.95192587096757,40.806019243681014,DEMOCRACY PREP HARLEM HS
-73.91859368585214,40.86543777435239,INWOOD ACADEMY FOR LEADERSHIP CHARTER HIGH SCHOOL
-73.9832660789174,40.76322011663414,BROADWAY THEATRE
-74.0005834836658,40.73011152709331,PLAYERS THEATRE
-73.96496773459533,40.76595150128675,BLACKFRIARS REPERTORY THEATRE
-73.96605142096708,40.76184410906476,"CINEMA 1, 2  & 3 THEATRES"
-73.9825488657422,40.74170329217084,GRAMERCY ARTS THEATRE
-73.98567427417578,40.71266970399052,LA GUARDIA HOUSES BUILDING 9
-74.00383121903809,40.743752611089974,FULTON PROJECTS BUILDING 8
-73.93787060690937,40.831054558742245,POLO GROUNDS TOWERS
-73.98605478389409,40.72369348564141,FIRST PROJECTS
-73.94655710533186,40.78761071072688,WASHINGTON
-73.98300831735429,40.77289237146925,AVERY FISHER HALL LINCOLN
-73.96089114319689,40.79466851854705,CENTRAL PARK POOL
-73.9687608196375,40.77986047689078,CENTRAL PARK BELVEDERE LAKE
-73.97289432924629,40.776857509927794,THE CENTRAL PARK LAKE
-74.00144396304705,40.711367053173504,URBAN ASSEMBLY SCHOOL FOR EMERGENCY MANAGEMENT
-73.9399506789045,40.78911888383826,WILSON HOUSES BUILDING 1
-74.00442272243323,40.743650045399534,FULTON PROJECTS COMPLEX
-73.98723988977368,40.7730436165525,AMSTERDAM PROJECTS COMPLEX
-73.98101881901424,40.71462197775451,HILLMAN HOUSES
-73.9842982879171,40.762044691529994,CIRCLE IN THE SQ THEATER
-73.94978138672887,40.79735651005418,BETHEL CHRISTN TMP
-74.01100693662084,40.717630312658116,INDEPENDANCE PLAZA SENIOR CENTER
-73.95344105037486,40.778275094535026,86 ST THEATRE
-73.9958884002554,40.76133032579028,BEACON HS
-73.954152473281,40.80368660121757,MORNINGSIDE POST OFFICE
-73.97334183296284,40.72514986576392,JACOB RIIS PROJECTS BLDG 6
-73.97420871949922,40.72549928800153,RIIS PROJECTS BUILDING 2
-73.97399288010388,40.72497091823466,RIIS I HOUSES BUILDING 8
-73.97503074115649,40.724464632674035,RIIS HOUSES BUILDING 9
-73.97354468370139,40.72461904406359,JACOB RIIS PROJECTS BLDG 7
-73.9746445209193,40.724020519388716,RIIS I PROJECTS BUILDING 11
-73.97455521659774,40.72512472164284,RIIS PROJECTS BUILDING 1
-73.9740165304234,40.723988532050846,JACOB RIIS I PROJECTS BLDG 12
-73.98281607215036,40.76834840438105,THE ALLEN ROOM
-73.98285757748766,40.76840135218931,DIZZYS CLUB COCA-COLA
-73.98001752600817,40.721598939515275,NENA NEAR D AV
-73.93008626005016,40.860950070071546,CITY COLLEGE ACADEMY OF THE ARTS
-74.01244415393691,40.708923967928044,LEADERSHIP & PUBLIC SERVICE H S
-73.9698121330316,40.79146464666894,BROWNSTONES HOUSES BUILDING 1
-73.96986867836826,40.79148497136751,BROWNSTONES HOUSES BUILDING 2
-73.96991946271109,40.79153127348529,BROWNSTONES HOUSES BUILDING 3
-73.96998284067865,40.791560692668845,BROWNSTONES HOUSES BUILDING 4
-73.9700499563423,40.79156921219353,BROWNSTONES HOUSES BUILDING 5
-73.9702340338987,40.7916461321082,BROWNSTONES HOUSES BUILDING 8
-73.97027969980081,40.791674483773306,BROWNSTONES HOUSES BUILDING 9
-73.9703421448206,40.79170531944499,BROWNSTONES HOUSES BUILDING 10
-73.9918219147884,40.71137164091024,RUTGERS HOUSES BUILDING 2
-73.93643768568754,40.82592700071202,HARLEM RIVER HOUSES BLDG 3
-73.93076614646343,40.79791660894024,WAGNER HOUSES BUILDING 3
-73.97732674150384,40.71626061053977,BARUCH HOUSES BUILDING 5
-73.94963116806444,40.78740649388479,LEXINGTON HOUSES
-73.99440210201041,40.73122333898141,NEW YORK UNIVERSITY CANTOR FILM CENTER
-74.00001719471956,40.73079201711576,PROVINCETOWN THTR
-73.99764831952807,40.732053754261486,SENIOR CENTER ON THE SQUARE
-73.99418761418657,40.75291145029285,MANHATTAN CENTER AUDITORI
-73.99973752340391,40.74607267467478,SVA THEATRE
-73.95709471338357,40.76677873281636,LENOX HILL SENIOR CENTER
-73.97793255874626,40.718603655453435,BARUCH HOUSES BUILDING 10
-74.00370690838662,40.74404232131642,FULTON PROJECTS BUILDING 10
-73.97856987968716,40.71767283735978,BARUCH HOUSES BUILDING 11
-73.9331998195709,40.794203592273796,MANHATTAN CENTER-SCIENCE&MATH
-73.99003465356788,40.726628383596584,WORK SHOP PLAYERS
-73.97011053567913,40.79160111011795,BROWNSTONES HOUSES BUILDING 6
-73.97016645946134,40.79162131707368,BROWNSTONES HOUSES BUILDING 7
-73.94212308174797,40.83325154330759,JUSTICE THURGOOD MARSHALL PLAZA
-73.92114571994303,40.86212535156154,DYCKMAN HOUSES BUILDING 8
-73.93912505215455,40.80320782299627,PARK AVE-E 122 STREET BLDG 1
-73.93729310422219,40.804085560124534,PATHMARK E 125 ST
-73.9433499820476,40.78728382604818,METRO NORTH PROJECTS
-73.94781722687327,40.80392328886744,TAFT REHABS BUILDING 4
-73.99222272975139,40.71665422218477,45 ALLEN STREET HOUSE
-74.00913376621607,40.74531986885281,CHELSEA PIERS GOLF CLUB
-73.96836383161612,40.78839725317715,BROWNSTONES HOUSES BUILDING 29
-73.97637841095295,40.72105380731258,LILLIAN WALD PROJECTS BLDG 6
-73.9718164134901,40.749988701951494,PARKMED PHYSICIANS
-73.97930851485685,40.71710963408085,BARUCH HOUSES ADDITION HOUSES
-73.93600458583778,40.80026377461284,ODYSSEY HOUSE HARBOR
-73.9784671881214,40.71377930150451,EAST RIVER HOUSING
-73.97698249547109,40.73995498630265,344 E 28TH STREET HOUSES
-73.98816460774663,40.77320063138954,AMSTERDAM PROJECTS BUILDING 9
-73.98431921734793,40.77367138185137,NEWHOUSE THEATRE
-73.96971827543275,40.79184901401195,94 STREET HOUSES
-73.98449348237199,40.77374354142202,LINCOLN CENTER THEATER
-73.94784025660276,40.83273956286493,TRINITY CHURCH CEMETERY RIVERSID
-73.94449971133277,40.79837545697139,TAFT HOUSES BUILDING 7
-73.98800315121525,40.757994352862106,ST JAMES THTR
-73.98812703550506,40.758066152894806,JUJAMCN THTRE(8AV)
-73.94291488516083,40.831102515171885,AUDABON APARTMENTS
-73.9698717366123,40.79823464154253,DOUGLASS REHAB BUILDING 1
-73.98638129988613,40.73096604116064,VILLAGE EAST THEATRES INC
-73.9541879427867,40.779518992135934,AMC LOEWS ORPHEUM THEATER 3 AVE
-73.94094666201883,40.806130172867924,HARLEM CHILDRENS ZONE PROMISE ACADEMY II HIGH SCHOOL
-74.01209530841558,40.70843954903403,TRINITY CEMETERY TRINITY PL
-73.98907525766064,40.761234999228535,ACTORS TEMPLE
-73.93429782019895,40.84516119207699,WASHINGTON HEIGHTS REHAB IV BUILDING 4
-73.9433715319056,40.78785649003821,HOBBS COURT BUILDING
-73.94441103795009,40.786320231569555,CIENA BUILDING
-73.9870176856282,40.723010631138585,MAX MELTZER TOWER
-73.96916688119786,40.789211665790745,BROWNSTONES HOUSES BUILDING 23
-73.97442649074812,40.78591505417204,F MACCOURT HIGH SCHOOL
-73.97423435670483,40.7858388011411,THE GLOBAL LEARNING COLLABORATIVE HS
-73.97413458990613,40.785801292345475,INNOVATION DIPLOMA PLUS HS
-73.94128690495542,40.79558945410193,JEFFERSON PROJECTS BUILDING 12
-73.93648998326086,40.8325597200682,RANGEL PROJECTS BUILDING 2
-73.9462863514814,40.81257397821116,ST NICHOLAS PROJECTS BLDG 13
-73.98118830599208,40.72227765750313,BRACETTI PLAZA HOUSES
-74.00094661550776,40.74844498872617,CHELSEA HOUSES BUILDING 2
-73.98695808158743,40.774716983147,AMSTERDAM HOUSES ADDITION
-73.94175532010432,40.80661579511361,THE NATIONAL BLACK THEATRE
-73.93685450831987,40.81879016608366,BETHUNE TOWERS
-74.0049396414223,40.72472114061281,CHELSEA CAREER & TECHNICAL EDUCATION HIGH SCHOOL
-73.93646560712772,40.82123882458782,A PHILIP RANDOLPH SENIOR CENTER
-74.00493610631062,40.72461129602258,NYC ISCHOOL
-73.99596195631943,40.729453383546456,NEW YORK UNIVERSITY FREDERICK LOEWE THEATRE
-73.972245554019,40.790171473975214,STEPHEN WISE TOWERS BLDG 3
-73.94700158837456,40.799363934384694,TAFT PROJECTS BUILDING 4
-73.93752556782076,40.833094372253235,RANGEL PROJECTS BUILDING 4
-73.96794008405391,40.78872517260513,BROWNSTONES HOUSES BUILDING 12
-73.97352353698678,40.78921422067321,WSUR SITE C 589 AMSTERDAM AVE HOUSES
-73.94013231939766,40.81773116490293,PUBLIC SCHOOL 139 HOUSES
-73.94553560459747,40.79378968202296,CLINTON HOUSES BUILDING 8
-73.94519057009475,40.78125607252559,ISAACS HOUSES COMMUNITY CENTER
-73.9857294582357,40.71350591395013,MS/HS 292
-73.96305947989752,40.81341582367016,GRANTS TOMB
-73.94931619197425,40.78737879589187,LEXINGTON HOUSES BLDG 3
-73.98581796265101,40.72596291152816,VILLAGE VIEW CO-OP BUILDING 1
-73.98506371825202,40.72563527336847,VILLAGE VIEW CO-OP BUILDING 2
-73.93940395532248,40.80285022056822,PARK AVE-E 122 ST BLDG 2
-73.98483543302116,40.7247468632472,VILLAGE VIEW CO-OP BUILDING 3
-73.98571970948213,40.72495816833939,VILLAGE VIEW CO-OP BUILDING 4
-73.9864070195226,40.72551816290357,VILLAGE VIEW CO-OP BUILDING 5
-73.98694581215169,40.724691549898516,VILLAGE VIEW CO-OP BUILDING 6
-73.98735460727819,40.72416146648221,VILLAGE VIEW COOPERATIVE BLDG 7
-73.94753437410111,40.79571211480221,LEHMAN VILLAGE SENIOR CENTER
-73.93805661227445,40.83709435935697,WASHINGTON HEIGHTS III BLDG 5
-73.90736009516033,40.876904585124414,MARBLE HILL HOUSES BUILDING 11
-73.96824052316342,40.788814803840275,BROWNSTONES HOUSES BUILDING 17
-73.9692318496866,40.78925227331985,BROWNSTONES HOUSES BUILDING 24
-73.9692163610304,40.78842389220302,BROWNSTONES HOUSES BUILDING 31
-73.98868278312781,40.716865020359684,SEWARD PARK EXTENSION HOUSES BUILDING 3
-73.94209349071541,40.83332311429052,MARY MCLEOD BETHUNE SENIOR CENTER
-73.95702035576203,40.81349754995062,GRANT HOUSES GARAGE
-74.00638955780519,40.72888683632219,P S 721
-74.00632909504569,40.72922668260645,CITY AS HS
-74.01610114968189,40.705391787479634,WILD CAT CHARTER
-73.94410597358498,40.80653970844178,HARLEM VILLAGE ACADEMY HS
-73.98614205554296,40.76009747054456,BARRYMORE THEATRE
-73.9407247230897,40.81847328151809,SAMUEL (MHOP) I
-73.93948657204429,40.81951791249569,SAMUEL MHOP III HOUSES
-73.94002374441281,40.816926337467095,SAMUEL MHOP II HOUSES
-73.9385869033649,40.82000888742077,FREDERICK SAMUEL APARTMENTS
-73.93211272894594,40.79963278113452,WAGNER PROJECTS COMPLEX
-73.98447158647865,40.76306315277375,NEIL SIMON THTR
-73.93038854956497,40.799292350702494,WAGNER PROJECTS BUILDING 10
-73.95242163997895,40.80436967475513,TAFT REHABS SENIOR CENTER
-73.999254608064,40.71040525394487,GOVERNOR SMITH HOUSES
-73.99669812528218,40.709505536609996,SMITH PROJECTS BUILDING 1
-73.9647837263375,40.7971325250148,DOUGLASS I HOUSES BUILDING 10
-73.98042940806131,40.72336019703821,LOWER E SIDE II HOUSES BLDG 2
-73.9562941210343,40.812424355325966,GRANT PROJECTS BUILDING 6
-73.97533624395714,40.785891072034815,154 W 84TH STREET HOUSES
-73.94730570010694,40.79420779060011,LEHMAN VILLAGE GARAGE
-73.9767774727571,40.72456171524119,LOWER EAST SIDE III BUILDING 1
-73.96683448556978,40.79731166965567,REYNOLDS HS
-73.98678126263867,40.76031470926435,SAMUEL J FRIEDMAN THEATRE
-73.98591292375185,40.760411314172664,LONG ACRE THEATRE
-73.98493795649148,40.75587449038715,HENRY MILLER THTR
-73.9509541285609,40.79381101257221,CENTRAL PARK DIALYSIS CENTER
-73.94377748746892,40.798629800621185,LA MARQUETA COMPLEX
-73.93965795071816,40.79495211666589,JEFFERSON PROJECTS BUILDING 11
-73.97734085834415,40.78672136844471,AMC LOEWS 84 ST THEATRE
-73.93798473946734,40.83706629767807,WASHINGTON HTS 3 BLDG 4
-74.00155579188161,40.711388902262264,MANHATTAN EARLY COLLEGE SCHOOL FOR ADVERTISING
-73.97432732244302,40.7858704318858,THE URBAN ASSEMBLY SCHOOL FOR GREEN CAREERS
-74.00436228010118,40.726480487863185,SOHO PLAYHOUSE
-74.00295470555584,40.72234477258637,PERFORMANCE GROUP
-73.97974414445727,40.763134860587904,ZIEGFELD THEATER
-73.93368337445855,40.845763116538805,WASHINGTON HTS REHAB I & II BUILDING 4
-74.0028073827447,40.73043835024217,OUR LADY OF POMPEII SENIOR CENTER
-73.93177391683449,40.79919812033627,WAGNER HOUSES BUILDING 8
-73.98893467606226,40.724739600485314,N Y C MARBLE CEMETERY
-73.94011125742435,40.786630593870065,E RIVER PROJECTS BUILDING 10
-73.9856872585707,40.76067885763851,KERR THEATRE
-73.97927713881617,40.723135842636395,LOWER E SIDE 2 BUILDING 4
-73.93233031732433,40.80087804646459,WAGNER HOUSES BUILDING 20
-73.95681097960043,40.81635439005474,MANHATTANVILLE PROJECTS BLG 1
-73.94537926050417,40.78979623682202,WASHINGTON HOUSES BUILDING 13
-73.94053433862155,40.83923632877838,SHABAZZ CENTER MALCOLM X & DR BETTY SHABAZZ EDUCATION & RESEARCH CENTER
-73.9902129876132,40.76870888439653,HARBORVIEW TERRACE BUILDING 1
-73.93403287293356,40.845390111501175,WASHINGTON HTS REHAB I & II BUILDING 5
-73.93690255000283,40.79714029516044,EDWARD CORSI HOUSES
-73.93600540226059,40.826500558206774,HARLEM RIVER PROJECTS BLDG 2
-73.99754461459843,40.709837322782676,SMITH HOUSES BUILDING 2
-73.95029807561967,40.79186464626272,CARVER HOUSES BUILDING 9
-74.00366476416626,40.74444512845502,FULTON HOUSES BUILDING 11
-73.98825736734359,40.71774585745676,ESSEX MARKET
-73.97686715619535,40.724441838954476,LOWER E SIDE III HOUSES
-74.00309020680402,40.75445470059708,WEST SIDE YARD
-73.96919540268607,40.789940127933775,92 STREET HOUSES
-73.9479240645321,40.79438834815965,HERBERT H LEHMAN VILLAGE COMPLEX
-73.93042607905862,40.798443947084486,WAGNER PROJECTS BUILDING 6
-73.98902073668013,40.772926994329374,AMSTERDAM PROJECTS BUILDING 11
-73.93615437750485,40.811106029901666,LINCOLN PROJECTS BUILDING 6
-73.9781547367125,40.720134647877046,WALD HOUSES BUILDING 1
-73.96851948306954,40.78877992172986,BROWNSTONES HOUSES
-73.94354309952944,40.79897956366619,LA MARQUETA PLAZA
-73.94392468182562,40.798447403852926,LA MARQUETA
-73.98384056633898,40.75667468469099,BELASCO THTR
-73.98451704169638,40.7588460837018,PALACE THEATRE
-73.98805154828834,40.75591610399722,NEW AMSTERDAM THTR
-73.95224855155972,40.80418134892676,TAFT REHABS BUILDING 2
-73.99164313892591,40.71993698711542,GREAT OAKS CHARTER SCHOOL
-73.95241854160948,40.804258571901435,TAFT REHABS BUILDING 3
-73.99020442049297,40.72120696146813,LOWER E SIDE I BUILDING 3 A
-73.93919937438902,40.837239221219846,WASHINGTON HTS 3 BLDG 7
-73.946013699307,40.815139867802834,DEMOCRACY PREP CHARTER HIGH SCHOOL
-73.98964458426364,40.72215591658613,HERNANDEZ HOUSE SENIOR CENTER
-73.98180925179713,40.747499065656534,MTSINAI DOCTORS EAST 34TH STREET
-73.98426335364098,40.77274878146507,METRO OPERA HOUSE
-73.97680821253039,40.72825616631115,ALBIZU CAMPOS PROJECTS BLDG 3
-73.9561149304477,40.811818243974685,GRANT HOUSES CHILDREN'S CENTER
-73.95705207361038,40.811384951049504,GRANT PROJECTS BUILDING 8
-73.93216151569722,40.848464003610864,WASHINGTON BRIDGE POST OFFICE
-73.98311898718383,40.73182630723609,PETER STUYVESANT POST OFFICE
-73.93878442419192,40.803889662481666,TRIBOROUGH FINANCE NEW POST OFFICE
-73.93825910382711,40.83678776943059,WASHINGTON HTS REHAB PHASE III HOUSES BUILDING 2
-73.975735309438,40.72332146973606,RIIS HOUSES BUILDING 19
-74.00355324349047,40.74806206568251,LONDON TERRACE POST OFFICE
-73.98277769413806,40.713739550038994,VLADECK 1 PROJECTS BLDG 19
-73.99838730039875,40.712797937050695,FIRST SHEARITH ISRAEL GRAVEYARD
-73.9936122721154,40.77151025590583,LANDMARK THEATRES W 57 ST
-73.93999002695986,40.807757078213015,HARLEM RENAISSANCE
-73.98573873464508,40.761108604156945,ONEIL THEATRE
-73.97980150443288,40.78226375428705,L025
-74.00160263914394,40.74941027372378,CHELSEA ADDITION
-73.9344012057187,40.794845983051765,DREAM CHARTER HIGH SCHOOL
-73.94852061159078,40.8122945550371,SAINT NICHOLAS HOUSES COMPLEX
-73.94010288691995,40.787577887990935,EAST RIVER PROJECTS COMPLEX
-73.93743146665722,40.7939235501642,JEFFERSON HOUSES BUILDING 7
-73.94619101371278,40.79913335201439,TAFT PROJECTS BUILDING 5
-73.97751514391783,40.72889958777474,ALBIZU-CAMPOS HOUSES BLDG 4
-73.97435645375724,40.72347952101352,JACOB RIIS I HOUSES BLDG 13
-73.98789156859155,40.77351023911708,AMSTERDAM PROJECTS BUILDING 10
-73.99735266759697,40.711636789781544,SMITH HOUSES BUILDING 12
-73.99089236589347,40.76808113671097,HARBORVIEW TERRACE BLDG 2
-73.98860383154904,40.71160841046844,LA GUARDIA SENIOR CENTER
-73.93676812906665,40.79712223870055,CORSI HOUSES MAIN BUILDING
-73.92203557824996,40.86098829084714,DYCKMAN PROJECTS BUILDING 6
-73.94496821544594,40.78381251043682,SCHL OF COOP TECH
-73.99078139921576,40.721977936131516,LOWER EAST SIDE I SITE 2
-73.94475983102667,40.78359112523351,JUDITH S KAYE HIGH SCHOOL DISTRICT 79
-73.98432636096912,40.73270717355319,MN COMP SCHOOL
-73.9359918060631,40.800614728101245,ODYSSEY HOUSE HAVEN
-73.95144540363944,40.789013509726296,CARVER PROJECTS BUILDING 1
-73.98861141647612,40.711641798510485,LAGUARDIA ADDITION PROJECTS
-73.93776773259012,40.832409020006146,POLO GROUNDS TOWERS BLDG 7
-73.93596734935355,40.81159895201512,ABRAHAM LINCOLN HOUSES BLDG 7
-73.9767605947804,40.72831695848669,ALBIZU CAMPOS PLAZA TWO PROJECTS
-73.92993813978067,40.79824623965579,WAGNER HOUSES BUILDING 5
-73.97284121991679,40.793950832029545,SYMPHONY SPACE THEATRE
-74.00525284895797,40.74357166051086,FULTON PROJECTS BUILDING 5
-73.99114252513071,40.71228408801277,RUTGERS HOUSES BUILDING 5
-73.97597005891323,40.71737241613927,BARUCH PROJECTS BUILDING 2
-73.93680234486534,40.80890543732098,PARK AVE ADULT DAY CARE CENTER
-73.98722545776653,40.75884655860886,MUSIC BOX THEATRE
-73.98575235306362,40.758687794938005,MARQUIS THEATRE
-73.93833376205593,40.83746287875224,WASHINGTON HTS REHAB PHASE III HOUSES BUILDING 8
-73.98671184474257,40.75911763562963,RICHARD ROGERS THTR
-73.987174805288,40.75917669239233,IMPERIAL THEATRE
-73.98430738264858,40.76335236228288,AUGUST WILSON THEATRE
-73.9695536619821,40.788107574023904,BROWNSTONES HOUSES BUILDING 36
-73.96611555393034,40.79659474434008,F DOUGLASS II HOUSES COMPLEX
-73.96831108498881,40.788367407147035,BROWNSTONES HOUSES BUILDING 28
-73.93953943898522,40.78892601607043,WILSON HOUSES COMPLEX
-73.9364743226007,40.83331658142835,RANGEL HOUSES
-73.97393659555132,40.725136564279744,RIIS PROJECTS
-73.97157009330698,40.789937913859696,WISE TOWERS
-73.99335946517184,40.75819838088594,PIPS ISLAND PERFORMING ARTS THEATER
-73.95756506421705,40.814020940576064,GRANT PROJECTS BUILDING 3
-73.9083822799043,40.87458215900756,MARBLE HILL HOUSES BUILDING 12
-73.9857724421391,40.72759644453959,ST MARKS THEATRE
-73.93600275666485,40.80994384829325,LINCOLN HOUSES BUILDING 3
-73.93689456491784,40.81035828079991,LINCOLN HOUSES BUILDING 4
-73.94496772289233,40.787865122383636,WASHINGTON HOUSES BUILDING 10
-73.97830864406566,40.72248210489846,LOWER E SIDE 2 BUILDING 5
-73.94772763949827,40.81092094333793,ST NICHOLAS HOUSES BUILDING 5
-73.9509300097184,40.789664272713516,CARVER HOUSES BUILDING 4
-73.94289887531166,40.79743165329482,JOHNSON PROJECTS BUILDING 6
-73.98552277163735,40.725416935512285,VILLAGE VIEW HOUSES
-73.95357934545268,40.81876576470036,MANHATTANVILLE REHAB GROUP II
-73.95530854610159,40.811440716006,GRANT HOUSES BUILDING 9
-73.948167236774,40.79178743821591,CLINTON PROJECTS BUILDING 5
-73.9388612635126,40.79611853021548,JEFFERSON PROJECTS BUILDING 17
-73.94805275580585,40.81178575038862,ST NICHOLAS PROJECTS BLDG 2
-73.95748180885646,40.82652033927808,RIVERBANK PARK AMPHITHEATER
-73.93185784903109,40.795223990040355,MT SINAI DIALYSIS CENTER
-73.97953515636311,40.79064626127102,RIVERSIDE PREMIER REHABILITATION & HEALING CENTER
-73.9694828950246,40.78808554853216,BROWNSTONES HOUSES BUILDING 35
-73.97239713641096,40.76182942910241,STRANG CANCER PREVENTION INSTITUTE
-73.98144947169612,40.72188036158747,TOMPKINS SQUARE POST OFFICE
-73.95725119073899,40.76690552502005,IRA ROBBINS PLAZA
-73.97790285091288,40.71720378480916,BARUCH PROJECTS BUILDING 7
-73.99867285670638,40.71072526818727,SMITH HOUSES BUILDING 9
-73.9990536257154,40.70915061808857,SMITH HOUSES BUILDING 4
-73.93904186072967,40.78807499074197,EAST RIVER HOUSES BUILDING 5
-73.99193496298828,40.71213791028448,RUTGERS PROJECTS BUILDING 1
-73.94570296082006,40.78811557666847,WASHINGTON PROJECTS BLDG 9
-74.01232240321578,40.70924465844876,ECONOMICS & FINANCE HS
-74.00475223013407,40.74221160965193,CHELSEA MARKET
-73.98269065392438,40.77345973904034,JULLIARD DRAMA THEATER
-73.90807380852404,40.876489201557405,MARBLE HILL SENIOR CENTER
-73.90808486757822,40.87656105986681,MARBLE HILL PROJECTS BLDG 10
-73.98259920078071,40.77364021157221,TULLY HALL
-73.95304848921444,40.76931988176114,HOSPITAL FOR SPECIAL SURGERY 75 ST CAMPUS
-73.95399005564174,40.817526188501155,MANHATTANVILLE PROJECTS BLG 5
-73.98228557841585,40.71375754180669,VLADECK ONE PROJECTS BLDG 20
-73.94408603473013,40.83439277714542,FORT WASHINGTON POST OFFICE
-73.94863153300497,40.792851009615795,CARVER PROJECTS BUILDING 12
-73.96490608120145,40.795663354476474,DOUGLASS PROJECTS 1 BLDG 4
-73.98408219327953,40.760904843454995,CAROLINES ON BROADWAY COMEDY CLUB
-73.98152445646465,40.75479976096167,BRYANT POST OFFICE
-74.01146334587985,40.71156596050043,WORLD TRADE CENTER PATH STATION
-73.99062811615492,40.734082875293296,REGAL UNION SQUARE STADIUM 14
-74.00018892207852,40.74188043250569,LIBERTY HS
-74.01123120359581,40.70464577982216,MILLENIUM HS
-73.98979383553853,40.72169927743153,LOWER E SIDE I HSE BLDG 3 B
-73.98745545556712,40.75656472775689,NEW VICTORY THEATER
-73.99058965747207,40.76886652138946,HARBORVIEW TERRACE COMMUNITY ART CENTER
-73.99058252014274,40.759905291351174,DAVENPORT THEATRE
-74.00434391456002,40.74183484607459,PORT AUTHORITY POST OFFICE
-73.93733599228209,40.794426561234374,JEFFERSON PROJECTS SENIOR CTR
-73.93386427196658,40.80005756447032,WAGNER PROJECTS BUILDING 15
-73.9483141492619,40.80010410161644,FOSTER HOUSES BUILDING 3
-73.9825641516233,40.76884061418932,F P ROSE HALL
-73.96033833838224,40.76120759162875,CMX CINEMA E 62 ST
-73.99798594472472,40.744801947085776,CINEPOLIS CHELSEA CINEMAS
-74.00161989663329,40.73118453802279,IFC CENTER
-74.00470290013196,40.72836715738889,FILM FORUM
-73.99598754127352,40.73594401753923,QUAD CINEMA
-73.9345460565189,40.800292828191274,WAGNER PROJECTS BUILDING 16
-73.98930374078806,40.71164771127716,LA GUARDIA PROJECTS BLDG 2
-73.94368451370484,40.789602236558984,GAYLORD WHITE SENIOR CENTER
-73.9272334301808,40.8550080261733,ISABELLA ADULT DAY HEALTH CARE
-73.97583520997414,40.72014339251466,LILLIAN WALD HOUSES BLDG 12
-73.97519380559602,40.7212790674866,LILLIAN WALD PROJECTS BLDG 16
-73.97536288168057,40.71990716957334,WALD PROJECTS BUILDING 14
-73.97529665205265,40.72050970674243,LILLIAN WALD HOUSES BLDG 15
-73.9765303078596,40.72038851912671,LILLIAN WALD PROJECTS BLDG 8
-73.9863392691906,40.72391416365733,FIRST PROJECTS BUILDING D 3
-73.97580663906126,40.72081883546251,WALD PROJECTS BUILDING 9
-73.98565241704414,40.76144177936682,ENCORE LUNCHEON CLUB
-73.94282515019292,40.829196133484636,WILSON MAJOR MORRIS COMMUNITY CENTER
-73.9248701945619,40.86550875906141,HIGH SCHOOL FOR EXCELLENCE AND INNOVATION
-73.99074413924002,40.76360924081796,BUSINESS OF SPORTS SCHOOL
-73.95647779777164,40.811799404513344,JACKIE ROBINSON SENIOR CENTER
-73.94231764146485,40.82173721824747,DREW-HAMILTON PROJECTS BLDG 3
-74.0039632402944,40.74333741859208,FULTON HOUSES BUILDING 7
-73.93721633962822,40.81177345773222,ABRAHAM LINCOLN HOUSES BLDG 14
-73.97641089047573,40.72079820662617,WALD PROJECTS COMPLEX
-73.98010288784904,40.746839993876286,MURRAY HILL POST OFFICE
-73.96911026688625,40.78919355624152,BROWNSTONES HOUSES BUILDING 22
-73.94000577375526,40.81769167946472,CENTRAL HARLEM SENIOR CENTER
-73.93828609222668,40.78844454763286,WILSON PROJECTS BUILDING 3
-73.98807636870066,40.756829565436526,AMERICAN AIRLINES THEATRE
-73.98927852780976,40.75670615264735,AMC EMPIRE 25 THEATRE
-74.0156029216592,40.71509853705198,REGAL CINEMA BATTERY PARK STADIUM 11
-73.96746981918157,40.79093714031243,WISE REHABS COMPLEX
-73.93414613462221,40.80084994376226,WAGNER HOUSES BUILDING 19
-73.98621369686533,40.71085283329584,2 BRIDGES SITE 7 MAIN BLDG
-73.93601186197996,40.8322021145365,RANGEL HOUSES BUILDING 1
-73.98439201701186,40.73054088573638,SIROVICH SENIOR CENTER
-73.97889010311279,40.7174514700704,BARUCH HOUSES GARAGE
-73.98922415383895,40.759273403757405,AL HIRSCHFELD THEATRE
-73.99040796543332,40.76385407283704,STEPHEN T MATHER BUILDING ARTS & CRAFTSMANSHIP HIGH SCHOOL
-73.97464270836144,40.785181801492364,PLANETARIUM POST OFFICE
-73.98984946042536,40.754161656049575,MIDTOWN STATION
-74.0031097707897,40.73230390414479,JUDITH C WHITE SENIOR CENTER
-73.97039210689744,40.789718842363335,SONDRA THOMAS APTS
-73.98559986066111,40.7126218545326,HENRY STREET SETTLEMENT CCC MONTGOMERY ST
-73.94060201350418,40.796049897762565,JEFFERSON PROJECTS BUILDING 13
-73.93825969722397,40.81129163066604,LINCOLN PROJECTS BUILDING 12
-74.00465288689861,40.74355678669362,FULTON HOUSES BUILDING 6
-73.98495825719759,40.739834358735756,GRAMERCY THEATRE
-73.96789319746978,40.788699946516026,BROWNSTONES HOUSES BUILDING 11
-73.94636668180716,40.798490671831175,TAFT HOUSES BUILDING 10
-73.96829777237501,40.788850030706485,BROWNSTONES HOUSES BUILDING 18
-73.93823813023162,40.82678548045404,HARLEM RIVER II HOUSES GARAGE
-73.98365090339786,40.77177518942418,KOCH THEATRE
-73.9455128247344,40.80965976621897,OBERIA D DEMPSEY THEATER
-73.96017949258626,40.76803814989831,LENOX HILL POST OFFICE
-73.99189202287536,40.71411451660838,KNICKERBOCKER POST OFFICE
-73.94384238357839,40.79473968741185,HELLGATE POST OFFICE
-73.99875738314854,40.75069811598238,MORGAN GENERAL MAIL FACILITY
-73.94616937228587,40.79763975964937,TAFT PROJECTS BUILDING 9
-73.93279895030534,40.85356619108278,STAR SENIOR CENTER WASHINGTON HEIGHTS
-73.93637182223489,40.82760538870397,COLONIAL PARK POST OFFICE
-73.9874832175784,40.756957546106776,LYRIC THEATRE
-73.92496366990811,40.86567671248851,INWOOD EARLY COLLEGE FOR HEALTH & INFORMATION TECHNOLOGIES
-73.95178625603924,40.809711388009816,AMC MAGIC JOHNSON HARLEM 9 THEATRE
-73.97934221815945,40.71655286438899,BARUCH PROJECTS BUILDING 13
-73.99263121183658,40.729869957027766,HARVEY MILK HS
-73.96411704802644,40.79646345263985,DOUGLASS 1 HOUSES
-73.98374503067572,40.7393940132015,MADISON SQUARE POST OFFICE
-73.98107695312773,40.74639464843057,MURRAY HILL ACADEMY
-73.93202201985939,40.7999670832412,WAGNER HOUSES OFC
-73.98303877016926,40.7591314892507,CORT THTR
-73.94681202320746,40.81294771499669,ST NICHOLAS PROJECTS BLDG 12
-73.93605013872912,40.83416197643976,RANGEL PROJECTS BUILDING 7
-73.99050531645528,40.72235190946677,FORSYTHE SATELLITE ACADEMY HIGH SCHOOL
-73.98448554729026,40.756073538635796,TOWN HALL
-73.984528469399,40.761486837066364,THE THEATER CENTER
-73.97546446854533,40.72283839757126,RIIS 2 PROJECTS COMPLEX
-73.94366945157074,40.78969284974766,WHITE HOUSES MAIN BUILDING
-73.97995089407885,40.76002144954681,RADIO CITY MUSIC HALL
-73.98760505831338,40.7627685507542,NEW WORLD STAGES
-73.93117633142474,40.858900538774876,FORT GEORGE POST OFFICE
-73.93344318997805,40.84564198929766,WASHINGTON HEIGHTS REHAB IV BUILDING 1
-73.9810225382671,40.74637840267146,UNITY CENTER FOR URBAN TECHNOLOGIES
-73.98115606942801,40.74641818894783,MANHATTAN ACADEMY FOR ARTS & LANGUAGE
-73.98122446679739,40.74643790136558,SUCCESS ACADEMY HIGH SCHOOL OF THE LIBERAL ARTS
-73.9935753698542,40.71632971725797,PACE HIGH SCHOOL
-73.99351145541526,40.71630528590831,EMMA LAZARUS HIGH SCHOOL
-73.93850435257563,40.79441094611056,JEFFERSON HOUSES BUILDING 9
-73.97909838398799,40.717035226253586,BARUCH HOUSES BUILDING 18
-73.98182749409524,40.71830105508708,S GOMPERS PROJECTS BUILDING 3
-73.93789858208079,40.83708059689072,WASHINGTON HTS REHAB PHASE III HOUSES TDS#523
-74.0050973980435,40.74376125561825,FULTON HOUSES GARAGE
-73.91505416565064,40.86647572734027,NYCTA 207 ST YARD
-73.94506001882209,40.781598609261025,ISAACS PROJECTS
-73.94866897672443,40.78690155178769,LEXINGTON HOUSES BUILDING 4
-73.9776471015663,40.720677057494534,WALD PROJECTS BUILDING 2
-73.94627224800246,40.78597141976493,WASHINGTON HOUSES BUILDING 4
-73.94502928844342,40.780536994576885,HOLMES TOWERS BUILDING 2
-73.97881052219601,40.71879363968583,BARUCH PROJECTS BUILDING 16
-73.9532743121903,40.811303317362466,MANHATTANVILLE POST OFFICE
-73.94258952168184,40.81918144862622,COLLEGE POST OFFICE
-73.94867924994806,40.797128222024874,SCHOMBURG PLAZA SENIOR CITIZEN CENTER
-73.97513387794147,40.72206136236165,RIIS PROJECTS BUILDING 16
-73.97489807267398,40.72249660635227,JACOB RIIS PROJECTS BLDG 15
-73.97468102320013,40.72288335714678,JACOB RIIS HOUSES BUILDING 14
-73.98361021158078,40.77335249165419,ELINOR BUNIN MUNROE FILM CENTER
-73.93724670498258,40.83089031224466,POLO GROUNDS SENIOR CENTER
-73.99554309931237,40.736505376231776,HARVEST COLLEGIATE HS
-73.99520371048642,40.73476651416866,CARING COMMUNITY AT FIRST PRESBYTERIAN
-73.94406008078121,40.790174873963004,PARK EAST H S
-73.99052256072012,40.72136573847679,LOWER EAST SIDE I BUILDING 3
-73.9925857460489,40.75947616974257,WESTSIDE THTR
-73.97024272924348,40.75861679874576,LENOX HILL SENIOR CENTER II
-73.98349879227645,40.7738251756578,PETER J SHARP THEATER
-73.93798987667037,40.79555033660227,JEFFERSON HOUSES GARAGE
-73.97914139896123,40.718109706610775,BARUCH HOUSES BUILDING 15
-73.95074725646577,40.78797032442959,LEXINGTON PROJECTS BUILDING 1
-73.99688041003998,40.74819231927025,PENN SOUTH HOUSES
-73.94036538301029,40.79213799989162,CARTER BURDEN LEONARD COVELLO SENIOR PROGRAM
-74.0046228600925,40.742557710317946,FULTON PROJECTS BUILDING 1
-73.96921043668068,40.77515610546192,CENTRAL PARK LAKE 74 ST AREA
-73.9473076388371,40.81241537757572,ST NICHOLAS PROJECTS BLDG 9
-73.96846116617161,40.78892929934688,BROWNSTONES HOUSES BUILDING 21
-73.97674342846207,40.72206497371008,LILLIAN WALD PROJECTS BLDG 5
-73.97734579428253,40.72109752032268,WALD PROJECTS BUILDING 3
-73.97712100879157,40.72154287663665,WALD HOUSES OFC
-73.94523895536044,40.827790869823524,TEMPLE CONVENANT
-73.98446646739531,40.756114601870294,REPERTORY COMPANY HIGH SCHOOL FOR THEATRE ARTS
-73.99338463942682,40.73402111417256,CINEMA VILLAGE THEATRE
-73.90829411023543,40.87427203357138,MARBLE HILL HOUSES BUILDING 2
-73.95288303925243,40.81858193353954,MANHATTANVILLE REHABS GROUP 2 BUILDING 3
-73.99920542719568,40.71017056149857,SMITH HOUSES BUILDING 5
-73.98729976004289,40.75808627146869,SHUBERT THTR
-73.98765508915673,40.75822334042328,BROADHURST THTR
-73.98792763379835,40.75834668076957,MAJESTIC THEATRE
-73.98800110474554,40.75874645817563,GOLDEN THTR
-73.9874398482642,40.758531472844496,GERALD SCHOENFELD THEATRE
-73.98705164517882,40.7584149978567,BOOTH THEATRE
-73.96639371372521,40.75919886770445,ART AND DESIGN H S
-73.98586203714545,40.72048957037754,M 509
-73.98596836769487,40.720513697694585,LOWER EAST SIDE PREPARATORY HIGH SCHOOL
-74.00117203696689,40.748539568560865,CHELSEA PROJECTS
-73.97810238930909,40.71621207469074,BARUCH PROJECTS BUILDING 6
-73.93531783320847,40.81135904036198,LINCOLN SENIOR CENTER
-73.98542726709776,40.71203755099302,LA GUARDIA PROJECTS BLDG 8
-73.94058664480076,40.83423449047812,COTHOA LUNCHEON CLUB SENIOR CENTER
-73.93416759388084,40.84509271156299,WASHINGTON HTS IV BLDG 3
-73.95427606172407,40.818333972637156,MANHATTANVILLE REHABS GROUP 3
-73.93911085349987,40.78878478969733,WILSON HOUSES BUILDING 2
-73.97598758611,40.72294674621668,RIIS II HOUSES BUILDING 18
-73.9806583248707,40.71323163729719,VLADECK PROJECTS BUILDING 22
-73.96817747205255,40.7888040276486,BROWNSTONES HOUSES BUILDING 16
-73.98896019106046,40.76798346683346,INDEPENDENCE HIGH SCHOOL
-74.00021591244081,40.71070774711653,SMITH HOUSES BUILDING 7
-73.94903834463803,40.80041205582004,KING TOWERS BUILDING 2
-73.98650204611104,40.77361908101599,AMSTERDAM HOUSES BUILDING 6
-73.93662799993923,40.8117679291813,LINCOLN PROJECTS BUILDING 8
-73.98108438266803,40.723288281402375,LOWER E SIDE 2 HSE BLDG 3
-73.98287041824172,40.75799998838917,HAROLD & MIRIAM STEINBERG CENTER FOR THEATRE
-73.99793044328224,40.71154521226825,SMITH HOUSES BUILDING 11
-73.96910580232135,40.79951208370376,DOUGLASS REHABS BUILDING 2
-73.96902171012266,40.799474183931494,DOUGLASS REHABS BUILDING 3
-73.9908048955457,40.76371670441894,URBAN ASSEMBLY GATEWAY SCHOOL FOR TECHNOLOGY
-73.94721544335442,40.7928825480106,YOUNG WOMEN'S LEADERSHIP HS
-73.9240703562824,40.86112864938077,DYCKMAN HOUSES BUILDING 1
-73.94836491941788,40.799376582270035,FOSTER PROJECTS BUILDING 6
-73.98576859240647,40.72047728317163,M 378
-73.9978705320679,40.7116117858986,SMITH SENIOR CENTER
-73.94431085993794,40.83925484709963,FORT WASHINGTON PROJECT MAIN BDG
-73.97472498194871,40.74125105456781,OFFICE OF CITY MEDICAL EXAMINER
-73.99217873629254,40.74195019391766,MANHATTAN VILLAGE ACADEMY HS
-73.9760249357479,40.71825579016351,BARD HIGH SCHOOL EARLY COLLEGE
-73.93806122448215,40.79313673850378,335 E 111TH STREET HOUSES
-73.94693518592531,40.7981000224291,TAFT PROJECTS BUILDING 1
-74.00210846282316,40.74893162752581,ELLIOTT PROJECTS BUILDING 3
-73.93554322260105,40.81054685879006,LINCOLN PROJECTS BUILDING 2
-73.9227879865267,40.861121146832836,DYCKMAN PROJECTS
-73.95552958771565,40.7733034381399,TEMPLE SHAARAY TEF
-73.94460730613105,40.83929497627031,FORT WASHINGTON REHABS COMM CTR
-73.95278104543607,40.77760603243842,GRACIE POST OFFICE
-73.95484635482146,40.817893976334574,MANHATTANVILLE HOUSES BLDG 6
-73.97850458280787,40.72277126785042,LOWER EAST SIDE 2 HOUSES
-73.97671122689484,40.715814303238105,BARUCH PROJECTS BUILDING 4
-73.94375279622606,40.79774290259962,JOHNSON HOUSES BUILDING 2
-73.99850603787029,40.70969283297232,SMITH PROJECTS BUILDING 3
-73.98011500215935,40.72369654956595,LOWER E SIDE II HOUSES BLDG 6
-73.93602654102986,40.83316067131036,RANGEL PROJECTS BUILDING 8
-73.93648668929696,40.80687649218174,JACKIE ROBINSON PROJECTS
-73.94543134427198,40.781527351205206,ISAACS PROJECTS BUILDING 3
-74.00922838649149,40.71110502538036,SAINT PAUL CHAPEL CEMETERY
-73.93526620304232,40.8262018229489,HARLEM RIVER HOUSES BLDG 6
-73.96910351578138,40.79961808344085,DOUGLASS REHAB HOUSES
-73.95138225695398,40.781616142075016,YORKVILLE POST OFFICE
-73.99873683381867,40.74163620505609,OLD CHELSEA POST OFFICE
-73.97959986104068,40.72386795738771,LOWER E SIDE HOUSES (GROUP V)
-73.97932260093927,40.723733173726885,LOWER EAST SIDE REHAB (GROUP 5) BUILDING 1
-73.97919865850828,40.72395763469281,LOWER E SIDE GROUP V BLDG 2
-73.98537325989886,40.71710189968255,SEWARD PARK EXT HOUSES BLDG 4
-73.93374470728781,40.80147159631759,WAGNER HOUSES BUILDING 22
-73.94026854270665,40.8009744029659,UPACA (SITE 6)
-73.98808874977968,40.76049737396661,PUERTO RICAN TRAVELING THEATRE
-73.90768130094212,40.874013196299416,MARBLE HILL HOUSES BUILDING 3
-73.93628284764903,40.81513182965869,LINCOLNTON POST OFFICE
-73.9916893434762,40.729147224421965,PUBLIC THEATER
-73.97623164410695,40.71952611595454,LILLIAN WALD PROJECTS BLDG 11
-73.9871971503359,40.711837039148236,LAGUARDIA HOUSES BUILDING 4
-73.94915217397248,40.79892946085494,KING TOWERS BUILDING 9
-73.94480691324699,40.781986315022145,ISAACS HOUSES BUILDING 2
-73.96883877359262,40.799856060641204,DOUGLASS REHAB BUILDING 4
-73.98357254660863,40.71225133674917,VLADECK PROJECTS BUILDING 2
-73.94530151344134,40.79494050122411,CLINTON PROJECTS COMMUNITY CTR
-73.98302025620863,40.711675815997204,VLADECK PROJECTS BUILDING 4
-73.98343355359822,40.711742786998435,VLADECK 1 HOUSES BLDG 1
-73.98268109104717,40.712066405567484,VLADECK PROJECTS BUILDING 6
-73.93933252765322,40.8032788467888,PARK AVE-E 122 STREET GARAGE
-73.98684540086751,40.77211360419269,AMSTERDAM HOUSES BUILDING 1
-73.98637667752563,40.772781752534264,AMSTERDAM HOUSES BUILDING 2
-73.95310859080196,40.804063861706915,131 SAINT NICHOLAS AVE HOUSES
-73.93152100188252,40.79814460613935,WAGNER SENIOR CENTER
-73.9766575491142,40.72022991436951,WALD HOUSES BUILDING 17
-73.97182409572326,40.7901346011253,WISE HOUSES BUILDING 2
-73.95150385996664,40.818387141004614,HARLEM STAGE GATEHOUSE
-73.95019765216394,40.78755817631068,LEXINGTON HOUSES BLDG 2
-73.94415600366536,40.796725163974436,JOHNSON HOUSES BUILDING 3
-73.9440632391516,40.79723799563024,JOHNSON HOUSES BUILDING 1
-73.94420394635108,40.83921657353692,FORT WASHINGTON PROJECT
-73.92330628688892,40.861411036897294,DYCKMAN PROJECTS BUILDING 3
-73.9908995900861,40.76803635901256,CLINTON SENIOR CENTER
-73.97207473589191,40.792542434355305,E M DEHOSTOS PROJECTS
-73.95877710211082,40.813877226989035,GRANT PROJECTS BUILDING 2
-73.94956655166037,40.81168152082482,ST NICHOLAS HOUSES BUILDING 3
-73.93814882261955,40.79578417197289,JEFFERSON PROJECTS BUILDING 1
-73.94774899466148,40.79221170548245,CLINTON PROJECTS BUILDING 6
-73.9684146513615,40.78842123024881,BROWNSTONES HOUSES BUILDING 30
-73.96841099241564,40.788899454236656,BROWNSTONES HOUSES BUILDING 20
-73.95793481596851,40.8135651022296,GRANT HOUSES BUILDING 4
-73.95832667684246,40.81460949998579,GENERAL GRANT HOUSES BLDG 1
-73.96635030592375,40.797825534463726,F DOUGLASS HOUSES II BLDG 14
-73.95727352782568,40.766884971367695,ROBBINS PLAZA MAIN BUILDING
-73.93643083043605,40.81064186665172,LINCOLN HOUSES BUILDING 5
-73.97862372277012,40.716783395624965,BARUCH PROJECTS BUILDING 12
-73.9475937085805,40.79568700668141,LEHMAN VILLAGE BUILDING 1
-73.94731617045066,40.811478780211665,ST NICHOLAS PROJECTS BLDG 4
-73.9822954358524,40.71779268752982,S GOMPERS HOUSES BUILDING 2
-73.97626378781987,40.71671610108451,BARUCH HOUSES BUILDING 3
-74.00508214304259,40.742939735646075,FULTON PROJECTS BUILDING 2
-73.94129217261136,40.78712561682006,E RIVER PROJECTS BUILDING 6
-73.93315178954259,40.79970078784442,WAGNER HOUSES BUILDING 14
-73.93706194975087,40.7969948513641,CORSI SENIOR CENTER
-73.94110716800859,40.82035792841401,DREW-HAMILTON HOUSES
-73.94337339753777,40.79680585586526,J W JOHNSON PROJECTS BLDG 5
-73.9754398221561,40.71936295119275,LILLIAN WALD PROJECTS BLDG 13
-73.93665329569949,40.82675605756267,HARLEM RIVER HOUSES BLDG 1
-73.95037495834812,40.79109091065446,CARVER SENIOR CENTER
-73.93705416336296,40.833520042098186,RANGEL HOUSES BUILDING 5
-73.93329951603121,40.800427253110996,WAGNER HOUSES BUILDING 18
-73.9769989871147,40.71880106409651,BARUCH HOUSES BUILDING 9
-73.96321381338909,40.79663752519949,F DOUGLASS HOUSES BLDG 17
-73.979289049108,40.74073331046608,STRAUS PROJECTS BUILDING 2
-73.93595115368696,40.833143763322276,RANGEL COMMUNITY CENTER
-73.98147344576454,40.71304550969614,VLADECK PROJECTS BUILDING 15
-73.9827694223541,40.712882518429225,VLADECK PROJECTS BUILDING 7
-73.94579594210911,40.79495702811097,CLINTON PROJECTS BUILDING 1
-73.93535894315528,40.81130700649586,LINCOLN PROJECTS BUILDING 1
-73.94318186373714,40.78736135604106,METRO NORTH PLAZA BUILDING 2
-73.93896433867916,40.83855547273537,AUDUBON POST OFFICE
-73.99954637594557,40.71135676144121,SMITH HOUSES BUILDING 8
-73.98630177757683,40.711953267830374,LA GUARDIA HOUSES BUILDING 6
-73.93728443592667,40.79443852379732,JEFFERSON PROJECTS BUILDING 6
-73.98685453479061,40.77312473248754,AMSTERDAM HOUSES BUILDING 5
-73.96426852719715,40.79527597069763,F DOUGLASS HOUSES I BLDG 5
-73.945408813905,40.79404847753068,CLINTON HOUSES BUILDING 3
-73.95175658288699,40.7899859896503,CARVER HOUSES BUILDING 3
-73.93277678315081,40.800300704550494,WAGNER HOUSES BUILDING 17
-73.93020910230454,40.797621554579,WAGNER HOUSES BUILDING 2
-73.96933536966324,40.78848016346236,BROWNSTONES HOUSES BUILDING 33
-73.93659482566797,40.83063281717735,POLO GROUNDS TOWERS BLDG 6
-73.96623149591434,40.79680870854808,DOUGLASS PROJECTS BUILDING 1
-73.9405309920613,40.787394275736695,E RIVER PROJECTS BUILDING 7
-73.94913834730218,40.812233468151334,ST NICHOLAS HOUSES BLDG 1
-73.95506906629312,40.81708367433084,MANHATTANVILLE PROJECTS BLG 4
-73.94083386681568,40.787993111066655,E RIVER PROJECTS BUILDING 3
-73.97698773466212,40.72150115936323,WALD PROJECTS BUILDING 4
-73.94989459274578,40.799263632741805,FOSTER PROJECTS BUILDING 8
-73.99111609527144,40.720303676550294,LOWER EAST SIDE I SITE 1
-73.95426332560771,40.818252179342565,MANHATTANVILLE REHABS GROUP 3 BUILDING 1
-73.9371308629992,40.82610556376987,HARLEM RIVER PROJECTS BLDG 4
-73.95074165322475,40.79947894900173,FOSTER PROJECTS BUILDING 7
-73.93658575914621,40.83382469183338,RANGEL PROJECTS BUILDING 6
-73.987383673111,40.77332327187059,AMSTERDAM HOUSES BUILDING 8
-73.94759644905366,40.79413898041039,LEHMAN VILLAGE BUILDING 4
-73.9884269513366,40.77374182713814,AMSTERDAM HOUSES BUILDING 13
-73.93713909037864,40.7953643309256,JEFFERSON PROJECTS BUILDING 3
-73.9797877770446,40.74098509447794,STRAUS PROJECTS COMMUNITY CENTER
-73.93976191193629,40.801629807944934,U P A C A HOUSES SITE 5
-73.9330361006675,40.8011668235211,WAGNER HOUSES BUILDING 21
-73.95375800729897,40.818884074507004,MANHATTANVILLE REHABS GROUP 2 BUILDING 1
-73.93739217425131,40.82995234894303,POLO GROUNDS TOWERS BLDG 1
-73.94577772879092,40.78672622536981,WASHINGTON HOUSES BUILDING 5
-73.96860159767502,40.79703075786525,830 AMSTERDAM AVENUE HOUSES
-74.00452163876876,40.74291861284403,FULTON HOUSES BUILDING 3
-73.93107091744368,40.798912077985946,WAGNER PROJECTS BUILDING 7
-73.97566123011256,40.721533350095754,WALD HOUSES BUILDING 10
-73.94041093879139,40.796789109455275,JEFFERSON HOUSES BUILDING 14
-73.97641851533592,40.71839816372831,LAVANBURG HOMES
-73.93202505208224,40.80000191948458,WAGNER HOUSES BUILDING 13
-73.94158606235868,40.79658130203997,J W JOHNSON HOUSES BUILDING 8
-73.93954552177017,40.78826114131539,EAST RIVER HOUSES BUILDING 4
-73.98938252670455,40.71236857443829,LAGUARDIA HOUSES BUILDING 1
-73.93760885884174,40.826280038791154,HARLEM RIVER PROJECTS BLDG 5
-73.9463843305509,40.812636606792836,ST NICHOLAS SENIOR CENTER
-73.9694552552299,40.788026367469875,BROWNSTONES HOUSES BUILDING 34
-73.96834730265392,40.78887987568954,BROWNSTONES HOUSES BUILDING 19
-73.96491262036486,40.79774925806009,F DOUGLASS I HOUSES BLDG 11
-73.92259938797028,40.861738528477645,DYCKMAN PROJECTS BUILDING 5
-73.97743907905115,40.71782007192402,BARUCH HOUSES BUILDING 8
-73.95040894445512,40.791125873866186,CARVER PROJECTS BUILDING 7
-73.98632348403183,40.71097783360004,2 BRIDGES HOUSE COMPLEX
-73.92256407267956,40.86029941745426,DYCKMAN PROJECTS BUILDING 4
-73.94978462932666,40.80081935279046,FOSTER PROJECTS BUILDING 1
-73.93939212478419,40.796344753352095,JEFFERSON PROJECTS BUILDING 16
-73.94982502224705,40.79995853838346,FOSTER PROJECTS BUILDING 5
-73.98167287074492,40.71823960334133,GRAND COALITION OF SENIORS
-73.94119813870205,40.81943184586243,DREW HAMILTON MAINTENANCE OFFICE
-73.93762020390469,40.811407096173646,LINCOLN HOUSES COMPLEX
-73.95120883405505,40.79061213532457,CARVER PROJECTS BUILDING 6
-73.9374620118426,40.831106954179404,POLO GROUNDS TOWERS BLDG 2
-73.9755169930063,40.718194769331824,BARUCH PROJECTS BUILDING 1
-73.94839612464493,40.798636065854986,FOSTER HOUSES BUILDING 10
-73.98014885716627,40.7132801399238,VLADECK PROJECTS BUILDING 24
-73.94690446256836,40.78582523690654,WASHINGTON HOUSES BUILDING 3
-73.98176384862016,40.718815305339874,SAMUEL GOMPERS HOUSES BLDG 1
-73.98177368391475,40.71177925003669,VLADECK PROJECTS BUILDING 11
-73.96812078752578,40.78878608059458,BROWNSTONES HOUSES BUILDING 15
-73.98172914993201,40.713051301261245,VLADECK PROJECTS COMPLEX
-73.94314716676519,40.797097478991695,J W JOHNSON PROJECTS COMPLEX
-73.98959505750162,40.72215277484747,HERNANDEZ HOUSES BUILDING 1
-73.94593662593026,40.789132071934695,WASHINGTON HOUSES BUILDING 12
-73.97625857223719,40.72184476334736,WALD PROJECTS BUILDING 7
-73.98185419587905,40.712390860544254,VLADECK PROJECTS BUILDING 12
-73.9231343711025,40.85965099344668,DYCKMAN PROJECTS BUILDING 2
-73.93667812482839,40.826401607672686,HARLEM RIVR HOUSES
-73.98093883359742,40.71252756104878,VLADECK PROJECTS BUILDING 17
-73.9446984915678,40.839368216529344,FORT WASHINGTON ACNC CLINIC
-73.94537198378872,40.78900145670625,WASHINGTON PROJECTS BLDG 11
-73.94198142308163,40.83239575414029,BETH UNE HOUSES
-73.98106546545789,40.713165017191,VLADECK PROJECTS BUILDING 18
-73.95089323676581,40.7995459877783,KING TOWERS SENIOR CENTER
-73.95529660252274,40.81667481325511,MANHATTANVILLE HOUSES COMPLEX
-73.94930214993964,40.793145866175486,CARVER HOUSES BUILDING 13
-73.94829666528338,40.81346087378427,ST NICHOLAS HOUSES BUILDING 10
-73.98037988321596,40.712913564033016,VLADECK 2 HOUSES COMPLEX
-73.96618225775146,40.79612031954294,DOUGLASS HOUSES 2 BLDG 2
-73.98007128189963,40.712607707129685,VLADECK PROJECTS BUILDING 23
-73.9402559719211,40.80103143246446,UPACA SENIOR CENTER
-74.00206529521297,40.749704832717,ELLIOTT PROJECTS BUILDING 1
-73.93759484786624,40.82955730453218,POLO GROUNDS COMM OPER STORAGE
-73.9566657583624,40.817005619034525,MANHATTANVILLE HOUSES BLDG 2
-73.98425029881847,40.77416032230881,WALTER READE THEATER
-73.9710748709351,40.78989820277933,WISE HOUSES BUILDING 1
-73.99083356729075,40.725564320931795,NEW YORK MARBLE CEMETERY
-73.95275815710761,40.782988920966915,KAUFMAN CONCERT HALL
-73.94889772600914,40.821395291445135,HIGH SCHOOL FOR MATHEMATICS SCIENCE & ENGINEERING AT CITY COLLEGE
-73.9385811833966,40.83832455570283,LUPERON H S
-73.95830828443034,40.814552305342794,GRANT HOUSES HEALTH CENTER
-73.98358615761437,40.712901303128724,VLADECK PROJECTS BUILDING 3
-73.9823375139091,40.71306739821568,VLADECK PROJECTS BUILDING 10
-73.98057474079542,40.712564191107134,VLADECK PROJECTS BUILDING 21
-73.9340309081457,40.845049879766435,WASHINGTON HTS IV BLDG 2
-73.98194088623563,40.71307393188053,VLADECK PROJECTS BUILDING 13
-73.9884637749625,40.717428066976815,SEWARD PARK EXTENSION HOUSES BUILDING 1
-73.98528646553508,40.71683755282978,SEWARD PARK EXT HOUSES BLDG 2
-73.98134896113413,40.71204086770365,VLADECK PROJECTS BUILDING 14
-73.93814485548342,40.83712456335535,WASHINGTON HTS 3 BLDG 6
-73.9809250257943,40.71190643221545,VLADECK PROJECTS BUILDING 16
-73.98216916236912,40.71174969504369,VLADECK PROJECTS BUILDING 8
-73.98224458436198,40.71239487388186,VLADECK PROJECTS BUILDING 9
-73.98317478068016,40.712862928479986,VLADECK PROJECTS BUILDING 5
-73.93784401435944,40.83704746796488,WASHINGTON HTS REHAB PHASE III HOUSES BUILDING 3
-73.96975594385204,40.76806362170229,EMANUEL TEMPLE
-73.9692878155203,40.78927967475278,BROWNSTONES HOUSES BUILDING 25
-73.97959023790415,40.76381687610504,CITY CENTER
-73.94533851601872,40.831219179257594,CHURCH OF THE INTERCESSION CMTRY
-74.00532804528866,40.731291321323695,CHERRY LANE THTR
-73.96826581576535,40.75841968433055,F.D. ROOSEVELT STATION
-73.9532709741495,40.77023025813252,ROOSEVELT H S
-73.98585482054399,40.741906318292415,BARUCH COLLEGE CAMPUS H S
-73.94224485546985,40.77017055677215,COLER REHABILITATION & NURSING CARE CENTER
-73.99332999108337,40.76567653832697,FOOD AND FINANCE H S
-73.99325597845463,40.765637030615636,MANHATTAN BRIDGES HIGH SCHOOL
-73.98956373800719,40.71702346473017,DUAL LANGUAGE & ASIAN STUDIES HIGH SCHOOL
-74.00248065466872,40.73378750632293,THE DUPLEX
-73.93890666229035,40.80719353832441,THE URBAN ASSEMBLY SCHOOL FOR GLOBAL COMMERCE
-73.93876075675327,40.81268425061146,LENOX TERRACE HOUSES AREA
-73.98951151367496,40.717012191624356,NEW DESIGN HIGH SCHOOL
-73.97428481511328,40.763771834025825,PARIS THEATRE
-73.98936762166055,40.716965482990645,ESSEX STREET ACADEMY
-73.9894392510097,40.716988957752804,LOWER MANHATTAN ARTS ACADEMY
-73.98963524783663,40.71704188792165,URBAN ASSEMBLY ACADEMY OF GOVERNMENT & LAW
-73.99351820421943,40.76575551097734,HIGH SCHOOL OF HOSPITALITY MANAGEMENT
-73.99318965367884,40.765604171569514,URBAN ASSEMBLY SCHOOL OF DESIGN AND CONSTRUCTION
-73.99340981144627,40.76571170305104,FACING HISTORY SCHOOL
-73.9479907634022,40.81234478333464,HARLEM CHILDRENS ZONE PROMISE ACADEMY 1 HIGH SCHOOL
-73.94213868357669,40.785213709494556,RENAISSANCE CHARTER HS FOR INNOVATION
-74.01301689318049,40.70570233914433,URBAN ASSEMBLY SCHOOL OF BUSINESS FOR YOUNG WOMEN
-74.01297676738567,40.70575136026734,R GREEN TEACHING
-73.98255291304746,40.73259219602,HEALTH PROF & HUMAN SVCS
-74.00155219524379,40.706438416727586,FULTON MARKET
-73.99641877214096,40.7455316028038,FASHIONS INDUSTRIES HS
-73.9410313010362,40.81975644445214,DREW-HAMILTON MANAGEMENT OFFICE
-73.99654445094066,40.72293906461984,LAD 20 FDNY\PRINCE
-73.94107073167658,40.82054973821347,DREW HAMILTON HOUSES BOILER
-73.99048875310218,40.72239753652268,CASCADES HS
-74.00660929484621,40.719621448532514,LAD 8 FDNY\VARICK
-74.00245996616964,40.74314983880071,LANDMARK HS
-74.00261723403584,40.7432150214797,HUMANITIES PREPARATORY
-74.00255389382394,40.74319147289686,HUDSON HS
-74.00241845716484,40.74313119283362,MANHATTAN BUSINESS ACADEMY
-74.0023604270935,40.743104691382015,J BALDWIN H S
-73.98726731340065,40.73558038674736,GRAMERCY ARTS HIGH SCHOOL
-73.98728558501456,40.73554567410333,THE HIGH SCHOOL FOR LANGUAGE AND DIPLOMACY
-73.9873310922452,40.735492724678586,INTERNATIONAL HIGH SCHOOL AT UNION SQUARE
-73.96452893447916,40.80024319657033,MANHATTAN VALLEY SENIOR CENTER
-73.94994609316095,40.81821188809739,RANDOLPH CAMPUS HS
-73.99055496619302,40.74743409112272,SATELLITE ACADEMY HIGH SCHOOL
-73.98817918075179,40.767835126288574,ENVIRONMENTAL STUDIES H S
-73.98115572053675,40.77478995570294,ANSONIA POST OFFICE
-73.9949216527696,40.751137339844796,JAMES A FARLEY POST OFFICE
-74.00571309222546,40.7283201506387,VILLAGE POST OFFICE
-74.0058748744309,40.70755840712348,PECK SLIP RETAIL POST OFFICE
-73.98351443602127,40.75765778033216,JACQUELINE K ONASSIS HS
-73.9858186992525,40.71136589019777,PS 184 S WEN
-74.01018993596375,40.712563681648795,CHURCH STREET POST OFFICE
-73.94677098049719,40.791932650187206,THE HERITAGE SCHL
-73.96290369290952,40.80203899118654,BLOOMINGDALE FAMILY PROGRAM HEAD START
-73.98739437823029,40.73542379867772,UNION SQUARE ACADEMY FOR HEALTH SCIENCES
-73.9874238515417,40.73539206501929,ACADEMY FOR SOFTWARE ENGINEERING
-74.00057407712175,40.74280746641255,JOYCE THEATRE
-74.01254610170487,40.70992469537414,LAD 10 FDNY
-73.94640418770032,40.76522720673501,ROOSEVELT ISLAND POST OFFICE
-73.98595959993257,40.75793705656278,MINSKOFF THEATRE
-73.98618632732686,40.75775072295169,BEST BUY THEATER
-73.94161137892452,40.805504276743456,MORRIS PARK SR HOME
-73.98477248879159,40.72676153239371,JOHN PAUL II FRIENDSHIP CENTER
-73.94181589955251,40.8163840948375,HARLEM TEAMS FOR SELF HELP
-73.98456832920799,40.756925239281344,HUDSON THTR
-73.98507716960005,40.76119183363925,AMBASSADOR THTR
-73.99160326810293,40.7615384378268,THEATRE AT ST CLEMENTS
-73.93906384665235,40.845219908585335,ARC FT WASHINGTON SENIOR CENTER
-73.94375137310146,40.79235466388222,FRANKLIN PLAZA BUILDING 1
-73.98825082444736,40.75554126035097,NEDERLANDER THTR
-73.93986387360005,40.812636918239825,LT JOSEPH P KENNEDY COMMUNITY CENTER
-73.95133379951791,40.7897583208194,CARVER PROJECTS
-73.94818511410067,40.78604828745083,WASHINGTON PROJECTS BLDG 1
-74.00494825368321,40.724056021205186,BROOME STREET ACADEMY CHARTER HIGH SCHOOL
-73.93154537135362,40.798248418060005,WAGNER HOUSES BUILDING 4
-73.9475410837909,40.78581327749307,WASHINGTON PROJECTS BLDG 2
-73.9907850075721,40.768623322442735,HARBORVIEW TERRACE HOUSES
-73.94545578397111,40.787440382014196,WASHINGTON PROJECTS BLDG 6
-73.97998671381896,40.716839711207705,BARUCH PROJECTS BUILDING 14
-73.93860061671505,40.79535009407895,JEFFERSON PROJECTS
-73.94837332221788,40.82659975492106,HAMILTON GRANGE POST OFFICE
-73.94598662386535,40.8243308438986,HAMILTON GRANGE SENIOR CENTER
-73.94432257384003,40.833182116123425,WASHINGTON HEIGHTS REHAB III
-73.97304428307862,40.72562563376373,JACOB RIIS I HOUSES BLDG 5
-73.97392822384178,40.72598878368799,JACOB RIIS HOUSES BLDG 3
-73.97284910032013,40.72603336157471,J RIIS I HOUSES BUILDING 4
-73.99114777348764,40.71198613833571,RUTGERS HOUSES COMPLEX
-73.98942673257409,40.7222191706359,HERNANDEZ HOUSE COMPLEX
-73.9483863602314,40.79455120010438,LEHMAN VILLAGE BUILDING 3
-73.93139964344577,40.799850119554456,WAGNER HOUSES BUILDING 12
-73.97854962832763,40.71925859324573,BARUCH PROJECTS BUILDING 17
-73.98723698914594,40.71213214000574,LA GUARDIA PROJECTS
-73.94291554655119,40.79617452193364,J W JOHNSON PROJECTS BLDG 7
-73.94518066403312,40.79743838453941,TAFT PROJECTS BUILDING 8
-73.94575885159497,40.780768235146795,HOLMES TOWERS BUILDING 1
-73.93907196051828,40.79468865407584,JEFFERSON PROJECTS BUILDING 10
-73.98591413421286,40.75917978610045,LUNT FONTANNE THEATRE
-73.99902573933255,40.71604306006748,CHINATOWN SENIOR CITIZEN CENTER
-73.93077034382162,40.799607409182705,WAGNER HOUSES BUILDING 11
-73.94541809324619,40.780699907675505,JOHN H HOLMES TOWERS
-73.94541488418446,40.79478747262843,DEWITT CLINTON PROJECTS
-73.94165157092067,40.79114480031608,FRANKLIN PLAZA COMPLEX
-74.00239927576415,40.74900207846653,ELLIOTT PROJECTS COMPLEX
-73.90699382811754,40.87592296469683,MARBLE HILL HOUSES BUILDING 7
-73.90748352486246,40.875796807088,MARBLE HILL PROJECTS BLDG 8
-73.90817375273544,40.87523292101767,MARBLE HILL HOUSES BUILDING 9
-73.93826340438235,40.820597659348536,SAMUEL CITY HOUSES BUILDING 6
-73.93856072282723,40.82037008391029,SAMUEL CITY HOUSES BUILDING 7
-73.93881299653714,40.82048182007829,SAMUEL CITY HOUSES BUILDING 9
-73.939264822104,40.82069286200578,SAMUEL CITY HOUSES BUILDING 14
-73.93941179968222,40.820614723061794,SAMUEL CITY HOUSES BUILDING 15
-73.9394721502571,40.8205250915527,SAMUEL CITY HOUSES BUILDING 16
-73.93957644586816,40.820436437433315,FREDERICK SAMUEL CITY BLDG 17
-73.93958536195457,40.82029717829556,SAMUEL CITY HOUSES BUILDING 18
-73.93930670270848,40.82020450709718,SAMUEL CITY HOUSES BUILDING 19
-73.93921508494589,40.82015962765039,SAMUEL CITY HOUSES BUILDING 20
-73.93895904140456,40.82005170555948,SAMUEL CITY HOUSES BUILDING 21
-73.93870169079189,40.82000101471499,SAMUEL CITY HOUSES BUILDING 22
-73.93859377920855,40.81992560216988,SAMUEL CITY HOUSES BUILDING 23
-73.93834023511967,40.8198319887874,SAMUEL CITY HOUSES BUILDING 24
-73.93821347330545,40.8197746890884,SAMUEL CITY HOUSES BUILDING 25
-73.9377779814391,40.81956269776825,FREDERICK SAMUEL CITY BLDG 49
-73.93724680736294,40.819626318439454,SAMUEL APARTMENTS BLDG 48
-73.93772643827174,40.81896014697589,SAMUEL CITY HOUSES BUILDING 26
-73.93779180668098,40.81887624266896,SAMUEL CITY HOUSES BUILDING 27
-73.93909183065881,40.81929758971896,SAMUEL CITY HOUSES BUILDING 29
-73.93915581822775,40.81934913187992,SAMUEL APARTMENTS BLDG 30
-73.93922829033335,40.81939137853005,FREDERICK SAMUEL CITY BLDG 31
-73.93943353815833,40.819435125779,FREDERICK SAMUEL CITY BLDG 32
-73.9400217751685,40.819789554264254,FREDERICK SAMUEL CITY BLDG 35
-73.94663601956292,40.79545001998716,LEHMAN VILLAGE BUILDING 2
-73.9565649977514,40.81201109225526,GENERAL GRANT HOUSES BLDG 7
-73.93982953390498,40.81993897209283,FREDERICK SAMUEL CITY BLDG 34
-73.93981529222577,40.820067735758684,FREDERICK SAMUEL CITY BLDG 33
-73.9379244972856,40.822682221396995,FREDERICK SAMUEL CITY BLDG 10
-73.93797804732259,40.82259363205368,FREDERICK SAMUEL CITY BLDG 11
-73.93804618339027,40.822500127151166,FREDERICK SAMUEL CITY BLDG 12
-73.93812729252078,40.822394321160544,FREDERICK SAMUEL CITY BLDG 13
-73.93926264885418,40.818207224159465,FREDERICK SAMUEL CITY BLDG 36
-73.94080904323384,40.818726660719314,FREDERICK SAMUEL CITY BLDG 37
-73.9408460563231,40.81864980009986,FREDERICK SAMUEL CITY BLDG 38
-73.94027853631283,40.81701398129363,FREDERICK SAMUEL CITY BLDG 44
-73.94010686716118,40.81695385752772,FREDERICK SAMUEL CITY BLDG 45
-73.93723909870943,40.820200419324365,SAMUEL CITY HOUSES BUILDING 1
-73.9374030927802,40.820275545799944,SAMUEL CITY HOUSES BUILDING 2
-73.93759116024421,40.820329381674256,SAMUEL CITY HOUSES BUILDING 3
-73.93794336647328,40.82044510860189,SAMUEL CITY HOUSES BUILDING 4
-73.93808359356784,40.82053890060951,SAMUEL CITY HOUSES BUILDING 5
-73.96180844356637,40.77264067906937,TEMPLE ISRAEL 75 ST
-74.00401132274712,40.72061205749387,CANAL STREET POST OFFICE
-73.93706742870111,40.79483407767519,JEFFERSON HOUSES BUILDING 5
-74.00352200860661,40.71031328191328,CITY HALL SENIOR CENTER
-73.98989573154907,40.7320737278051,COOPER POST OFFICE
-73.98586483346142,40.72370204638014,FIRST PROJECTS BUILDING D- 1
-73.98584841137446,40.723261858176166,FIRST HOUSES BUILDING 1
-73.98661655163039,40.724059253917346,FIRST PROJECTS BUILDING D- 4
-73.98617454694306,40.723833109983126,FIRST HOUSES BUILDING 5
-73.98561998032017,40.723597713588255,FIRST PROJECTS BUILDING C
-73.98849601429019,40.717118113171274,SEWARD PARK EXTENSION PROJECTS
-73.98571919390159,40.72345108778464,FIRST HOUSES BUILDING 2
-73.98684628247412,40.72410000982049,FIRST HOUSES BUILDING D 5
-73.97539527029677,40.723879635827586,JACOB RIIS PROJECTS BLDG 10
-73.94103506340782,40.81956888762916,DREW HAMILTON HOUSES BLDG 4
